{"cameraMode":{"drawMode":0,"name":"Shaded","section":"Shading Mode"},"sceneLighting":false,"audioPlay":false,"sceneViewState":{"showFog":true,"showMaterialUpdate":true,"showSkybox":true,"showFlares":true,"showImageEffects":true,"showParticleSystems":true},"in2DMode":false,"pivot":{"x":-0.4818844795227051,"y":1.137690782546997,"z":-0.3890931308269501},"rotation":{"x":-0.6715759038925171,"y":-0.29285427927970889,"z":0.3306795358657837,"w":-0.5948725342750549},"size":6.864564895629883,"orthographic":false}